seed,policy,task_mass_units,epsilon,fold_vectors_used,fold_vectors_total,fraction,completed_tasks,status,candidate,trace_sha256
0,random_fold,0.0,0.0,815,816,0.9987745098039216,50,robust_unique,REALMLP (tuned + ensemble),7b3ff5e3c6c0598f40727a341fd0769aec5bc05f3cfe017894e500f65a8f4ffc
0,random_fold,0.5,0.00980392156862745,815,816,0.9987745098039216,50,robust_unique,REALMLP (tuned + ensemble),7b3ff5e3c6c0598f40727a341fd0769aec5bc05f3cfe017894e500f65a8f4ffc
0,random_fold,1.0,0.0196078431372549,816,816,1.0,51,robust_unique,REALMLP (tuned + ensemble),6bb5da8a31baee6d9a73d681621d6313b2f75647a486295a2fcd59c7d06f2600
0,random_fold,2.0,0.0392156862745098,816,816,1.0,51,preference_dependence,,6bb5da8a31baee6d9a73d681621d6313b2f75647a486295a2fcd59c7d06f2600
0,random_fold,4.0,0.0784313725490196,811,816,0.9938725490196079,46,preference_dependence,,ef81b222040d804bb1c0dbabca1755578140e23010a443b3b79d710699792260
0,random_task_blocks,0.0,0.0,798,816,0.9779411764705882,49,robust_unique,REALMLP (tuned + ensemble),7f00b3efcc9bbd7335aa29edb81006c9b648c066ac17a792895d2437c33ff482
0,random_task_blocks,0.5,0.00980392156862745,807,816,0.9889705882352942,50,robust_unique,REALMLP (tuned + ensemble),f77dc1ac3f4c3a47652ed22c8aa5c10e57334f1a6cfdf98da28d3c5f181f514b
0,random_task_blocks,1.0,0.0196078431372549,816,816,1.0,51,robust_unique,REALMLP (tuned + ensemble),a1ed04afbd349ba4c8802eeee77714a41ff5e20b16ae5ee6dd3876e196182232
0,random_task_blocks,2.0,0.0392156862745098,816,816,1.0,51,preference_dependence,,a1ed04afbd349ba4c8802eeee77714a41ff5e20b16ae5ee6dd3876e196182232
0,random_task_blocks,4.0,0.0784313725490196,768,816,0.9411764705882353,48,preference_dependence,,2d1a62dcd637abad04db54256c54bb547a4d918eb8a66f535015f1991fde025d
0,cheapest_remaining,0.0,0.0,786,816,0.9632352941176471,50,robust_unique,REALMLP (tuned + ensemble),710bc873936e9e2f4903783f5dad001d1b32d291fa97763540963495781580fb
0,cheapest_remaining,0.5,0.00980392156862745,816,816,1.0,51,robust_unique,REALMLP (tuned + ensemble),962887557b3b5daa2f07c5bf91dcbfee102f01315206433fd6472f638ff197ec
0,cheapest_remaining,1.0,0.0196078431372549,816,816,1.0,51,robust_unique,REALMLP (tuned + ensemble),962887557b3b5daa2f07c5bf91dcbfee102f01315206433fd6472f638ff197ec
0,cheapest_remaining,2.0,0.0392156862745098,786,816,0.9632352941176471,50,preference_dependence,,710bc873936e9e2f4903783f5dad001d1b32d291fa97763540963495781580fb
0,cheapest_remaining,4.0,0.0784313725490196,666,816,0.8161764705882353,46,preference_dependence,,2b1a00f4c2da6f836ad4a735c7092848fc3f20dab2d1d7c322b0795eb397605d
0,decision_gap,0.0,0.0,786,816,0.9632352941176471,50,robust_unique,REALMLP (tuned + ensemble),710bc873936e9e2f4903783f5dad001d1b32d291fa97763540963495781580fb
0,decision_gap,0.5,0.00980392156862745,816,816,1.0,51,robust_unique,REALMLP (tuned + ensemble),962887557b3b5daa2f07c5bf91dcbfee102f01315206433fd6472f638ff197ec
0,decision_gap,1.0,0.0196078431372549,816,816,1.0,51,robust_unique,REALMLP (tuned + ensemble),962887557b3b5daa2f07c5bf91dcbfee102f01315206433fd6472f638ff197ec
0,decision_gap,2.0,0.0392156862745098,786,816,0.9632352941176471,50,preference_dependence,,710bc873936e9e2f4903783f5dad001d1b32d291fa97763540963495781580fb
0,decision_gap,4.0,0.0784313725490196,666,816,0.8161764705882353,46,preference_dependence,,2b1a00f4c2da6f836ad4a735c7092848fc3f20dab2d1d7c322b0795eb397605d
1,random_fold,0.0,0.0,815,816,0.9987745098039216,50,robust_unique,REALMLP (tuned + ensemble),b5ba8e0a549cfb0483ca137c2c589d6072eeb8bd49876fd5d23ff0298294c039
1,random_fold,0.5,0.00980392156862745,815,816,0.9987745098039216,50,robust_unique,REALMLP (tuned + ensemble),b5ba8e0a549cfb0483ca137c2c589d6072eeb8bd49876fd5d23ff0298294c039
1,random_fold,1.0,0.0196078431372549,816,816,1.0,51,robust_unique,REALMLP (tuned + ensemble),9284970d01203a88eb3f835dc59ec437aab05331d46949c93a7678adf1f2569c
1,random_fold,2.0,0.0392156862745098,816,816,1.0,51,preference_dependence,,9284970d01203a88eb3f835dc59ec437aab05331d46949c93a7678adf1f2569c
1,random_fold,4.0,0.0784313725490196,812,816,0.9950980392156863,47,preference_dependence,,bc3de366596d97a2692c6a431abe03ee4c45d35cfbbedf2934ceb214eb56c01a
1,random_task_blocks,0.0,0.0,756,816,0.9264705882352942,49,robust_unique,REALMLP (tuned + ensemble),372ea9546539c8323d7c8cc4a3ae21c5e819cb9322a7cef07c63bb6fb5153258
1,random_task_blocks,0.5,0.00980392156862745,786,816,0.9632352941176471,50,robust_unique,REALMLP (tuned + ensemble),7fdcefb00416b4ab7bafd150997e0eb8be205070f4f59d9a2352dac5d292d198
1,random_task_blocks,1.0,0.0196078431372549,816,816,1.0,51,robust_unique,REALMLP (tuned + ensemble),56318726c675c5697ed13292a403e9538d286a4709ee170e1ec00e4105264011
1,random_task_blocks,2.0,0.0392156862745098,816,816,1.0,51,preference_dependence,,56318726c675c5697ed13292a403e9538d286a4709ee170e1ec00e4105264011
1,random_task_blocks,4.0,0.0784313725490196,726,816,0.8897058823529411,48,preference_dependence,,a8486e7e832dd17b368cd6aed8c637587cc04ffbf689062f88eb9dd6515b7051
1,cheapest_remaining,0.0,0.0,756,816,0.9264705882352942,49,robust_unique,REALMLP (tuned + ensemble),71e01f22a9659a5e0efc50943f9d6387d17f0fd1016b782faa62bbdfe9bb41ce
1,cheapest_remaining,0.5,0.00980392156862745,786,816,0.9632352941176471,50,robust_unique,REALMLP (tuned + ensemble),d78ac3b633569b6ffd7604bb8907b6358deedf7dd98aa59a12af62d1543de76b
1,cheapest_remaining,1.0,0.0196078431372549,816,816,1.0,51,robust_unique,REALMLP (tuned + ensemble),c75aa7e3acddc3130fc92f60837a619d25690887b9b9bf8b20bab3e3caa26e11
1,cheapest_remaining,2.0,0.0392156862745098,816,816,1.0,51,preference_dependence,,c75aa7e3acddc3130fc92f60837a619d25690887b9b9bf8b20bab3e3caa26e11
1,cheapest_remaining,4.0,0.0784313725490196,726,816,0.8897058823529411,48,preference_dependence,,be6a3be9282cdf85a63b953ae859c858b1e5495df4e9de9a437abbdd3a4e8482
1,decision_gap,0.0,0.0,756,816,0.9264705882352942,49,robust_unique,REALMLP (tuned + ensemble),71e01f22a9659a5e0efc50943f9d6387d17f0fd1016b782faa62bbdfe9bb41ce
1,decision_gap,0.5,0.00980392156862745,786,816,0.9632352941176471,50,robust_unique,REALMLP (tuned + ensemble),d78ac3b633569b6ffd7604bb8907b6358deedf7dd98aa59a12af62d1543de76b
1,decision_gap,1.0,0.0196078431372549,816,816,1.0,51,robust_unique,REALMLP (tuned + ensemble),c75aa7e3acddc3130fc92f60837a619d25690887b9b9bf8b20bab3e3caa26e11
1,decision_gap,2.0,0.0392156862745098,816,816,1.0,51,preference_dependence,,c75aa7e3acddc3130fc92f60837a619d25690887b9b9bf8b20bab3e3caa26e11
1,decision_gap,4.0,0.0784313725490196,726,816,0.8897058823529411,48,preference_dependence,,be6a3be9282cdf85a63b953ae859c858b1e5495df4e9de9a437abbdd3a4e8482
2,random_fold,0.0,0.0,814,816,0.9975490196078431,49,robust_unique,REALMLP (tuned + ensemble),3e875eab88c4b714b405ea8712fdcaa68e31fcbba4a99b4cb736efabd1421e04
2,random_fold,0.5,0.00980392156862745,815,816,0.9987745098039216,50,robust_unique,REALMLP (tuned + ensemble),6b52387551f090b154b64c678784ff349b52938b6119bf77fb854985ab4d0024
2,random_fold,1.0,0.0196078431372549,816,816,1.0,51,robust_unique,REALMLP (tuned + ensemble),e8d76303a9dd04e3431fd0b831df0f00c9c4c3c1b79cd84d8605837aa75e13ea
2,random_fold,2.0,0.0392156862745098,816,816,1.0,51,preference_dependence,,e8d76303a9dd04e3431fd0b831df0f00c9c4c3c1b79cd84d8605837aa75e13ea
2,random_fold,4.0,0.0784313725490196,812,816,0.9950980392156863,47,preference_dependence,,7964266d1bcf98950af1d2106b5aa5edf51f71a4433638598e01f17d771ff2ea
2,random_task_blocks,0.0,0.0,786,816,0.9632352941176471,50,robust_unique,REALMLP (tuned + ensemble),c08bd449875b6cc382b86d9d0c4f3165b808a81249dd8d1bba40784fe25ae481
2,random_task_blocks,0.5,0.00980392156862745,816,816,1.0,51,robust_unique,REALMLP (tuned + ensemble),0d07ac909c3ca72a873a5493d3be974d8a643c34aa4a569c224a3546e577ba93
2,random_task_blocks,1.0,0.0196078431372549,816,816,1.0,51,robust_unique,REALMLP (tuned + ensemble),0d07ac909c3ca72a873a5493d3be974d8a643c34aa4a569c224a3546e577ba93
2,random_task_blocks,2.0,0.0392156862745098,816,816,1.0,51,preference_dependence,,0d07ac909c3ca72a873a5493d3be974d8a643c34aa4a569c224a3546e577ba93
2,random_task_blocks,4.0,0.0784313725490196,738,816,0.9044117647058824,47,preference_dependence,,19e29746b144db74bc037674ba4c0ffcf3c4aee543385a7675d4048b3cc46244
2,cheapest_remaining,0.0,0.0,786,816,0.9632352941176471,50,robust_unique,REALMLP (tuned + ensemble),a964bfffb8d6511621ab8cc023f54273210607fcd63672998652a968850a2fbd
2,cheapest_remaining,0.5,0.00980392156862745,816,816,1.0,51,robust_unique,REALMLP (tuned + ensemble),8ae86ffe5937f93ca60b6270b09304144d4518909b971a43b88ecfcfc90aabc4
2,cheapest_remaining,1.0,0.0196078431372549,816,816,1.0,51,robust_unique,REALMLP (tuned + ensemble),8ae86ffe5937f93ca60b6270b09304144d4518909b971a43b88ecfcfc90aabc4
2,cheapest_remaining,2.0,0.0392156862745098,816,816,1.0,51,preference_dependence,,8ae86ffe5937f93ca60b6270b09304144d4518909b971a43b88ecfcfc90aabc4
2,cheapest_remaining,4.0,0.0784313725490196,691,816,0.8468137254901961,46,preference_dependence,,eae856147791da7a5b92bf47afb30f8219ccbc4bbeb2952db198860ee4ee45ef
2,decision_gap,0.0,0.0,786,816,0.9632352941176471,50,robust_unique,REALMLP (tuned + ensemble),a964bfffb8d6511621ab8cc023f54273210607fcd63672998652a968850a2fbd
2,decision_gap,0.5,0.00980392156862745,816,816,1.0,51,robust_unique,REALMLP (tuned + ensemble),8ae86ffe5937f93ca60b6270b09304144d4518909b971a43b88ecfcfc90aabc4
2,decision_gap,1.0,0.0196078431372549,816,816,1.0,51,robust_unique,REALMLP (tuned + ensemble),8ae86ffe5937f93ca60b6270b09304144d4518909b971a43b88ecfcfc90aabc4
2,decision_gap,2.0,0.0392156862745098,816,816,1.0,51,preference_dependence,,8ae86ffe5937f93ca60b6270b09304144d4518909b971a43b88ecfcfc90aabc4
2,decision_gap,4.0,0.0784313725490196,691,816,0.8468137254901961,46,preference_dependence,,eae856147791da7a5b92bf47afb30f8219ccbc4bbeb2952db198860ee4ee45ef
3,random_fold,0.0,0.0,814,816,0.9975490196078431,49,robust_unique,REALMLP (tuned + ensemble),6e5658cefe2e0977613810c3f595af66db8b9ebffd1fb050d36403138d6c5f9a
3,random_fold,0.5,0.00980392156862745,815,816,0.9987745098039216,50,robust_unique,REALMLP (tuned + ensemble),21c92c84d73d888c0be4a51dbb05046f7e970d75f8be51d1ae42373544e087df
3,random_fold,1.0,0.0196078431372549,816,816,1.0,51,robust_unique,REALMLP (tuned + ensemble),f22ca4781743a38e674bf00eb920784f54e7441e309b66aa9a9df8203cd8102b
3,random_fold,2.0,0.0392156862745098,816,816,1.0,51,preference_dependence,,f22ca4781743a38e674bf00eb920784f54e7441e309b66aa9a9df8203cd8102b
3,random_fold,4.0,0.0784313725490196,812,816,0.9950980392156863,47,preference_dependence,,0daa888643297b5c9da3ed997a308783d6930e5e898872fb871034c38ddce103
3,random_task_blocks,0.0,0.0,807,816,0.9889705882352942,50,robust_unique,REALMLP (tuned + ensemble),82b835a84ee26d2f2d0c1dbdaa059104d09bd9c38a94d2d23e01eada0e7f9a39
3,random_task_blocks,0.5,0.00980392156862745,807,816,0.9889705882352942,50,robust_unique,REALMLP (tuned + ensemble),82b835a84ee26d2f2d0c1dbdaa059104d09bd9c38a94d2d23e01eada0e7f9a39
3,random_task_blocks,1.0,0.0196078431372549,816,816,1.0,51,robust_unique,REALMLP (tuned + ensemble),18aecd5e453952c9bd31fddc63ec39aa44f5f1915afdde90c7890163e19c636b
3,random_task_blocks,2.0,0.0392156862745098,816,816,1.0,51,preference_dependence,,18aecd5e453952c9bd31fddc63ec39aa44f5f1915afdde90c7890163e19c636b
3,random_task_blocks,4.0,0.0784313725490196,780,816,0.9558823529411765,47,preference_dependence,,be7916d227de2e4c8b48ffdc8a8a05874ba9022d18367e1e90c28370693d1e04
3,cheapest_remaining,0.0,0.0,786,816,0.9632352941176471,50,robust_unique,REALMLP (tuned + ensemble),b753c843fd3c85910d985d81d2ef23f03a535ab24e0d07dd53aabe20f0af69f4
3,cheapest_remaining,0.5,0.00980392156862745,786,816,0.9632352941176471,50,robust_unique,REALMLP (tuned + ensemble),b753c843fd3c85910d985d81d2ef23f03a535ab24e0d07dd53aabe20f0af69f4
3,cheapest_remaining,1.0,0.0196078431372549,816,816,1.0,51,robust_unique,REALMLP (tuned + ensemble),ebb72c51111478925d8c4e486118382226bc7819700962409293fa7f85dd40c8
3,cheapest_remaining,2.0,0.0392156862745098,816,816,1.0,51,preference_dependence,,ebb72c51111478925d8c4e486118382226bc7819700962409293fa7f85dd40c8
3,cheapest_remaining,4.0,0.0784313725490196,636,816,0.7794117647058824,45,preference_dependence,,5ef8ac7561a234b0123f3f42acc2d1c021173b023c3e7ae82d3faa39653bbaf4
3,decision_gap,0.0,0.0,786,816,0.9632352941176471,50,robust_unique,REALMLP (tuned + ensemble),b753c843fd3c85910d985d81d2ef23f03a535ab24e0d07dd53aabe20f0af69f4
3,decision_gap,0.5,0.00980392156862745,786,816,0.9632352941176471,50,robust_unique,REALMLP (tuned + ensemble),b753c843fd3c85910d985d81d2ef23f03a535ab24e0d07dd53aabe20f0af69f4
3,decision_gap,1.0,0.0196078431372549,816,816,1.0,51,robust_unique,REALMLP (tuned + ensemble),ebb72c51111478925d8c4e486118382226bc7819700962409293fa7f85dd40c8
3,decision_gap,2.0,0.0392156862745098,816,816,1.0,51,preference_dependence,,ebb72c51111478925d8c4e486118382226bc7819700962409293fa7f85dd40c8
3,decision_gap,4.0,0.0784313725490196,636,816,0.7794117647058824,45,preference_dependence,,5ef8ac7561a234b0123f3f42acc2d1c021173b023c3e7ae82d3faa39653bbaf4
4,random_fold,0.0,0.0,815,816,0.9987745098039216,50,robust_unique,REALMLP (tuned + ensemble),22a1e8de6f91a2dcb939d885fb9170a892742f05f0ad1082824e296b042e394f
4,random_fold,0.5,0.00980392156862745,816,816,1.0,51,robust_unique,REALMLP (tuned + ensemble),51948f26dbe0bf0f1c42aecec1e67e91e6361d2fab0765d5336b40f0765e7970
4,random_fold,1.0,0.0196078431372549,816,816,1.0,51,robust_unique,REALMLP (tuned + ensemble),51948f26dbe0bf0f1c42aecec1e67e91e6361d2fab0765d5336b40f0765e7970
4,random_fold,2.0,0.0392156862745098,815,816,0.9987745098039216,50,preference_dependence,,22a1e8de6f91a2dcb939d885fb9170a892742f05f0ad1082824e296b042e394f
4,random_fold,4.0,0.0784313725490196,811,816,0.9938725490196079,46,preference_dependence,,9079b496bd89e7646199262b7c1cd5ac107ec3c4c149a8c63b65a38e6d337dc9
4,random_task_blocks,0.0,0.0,786,816,0.9632352941176471,50,robust_unique,REALMLP (tuned + ensemble),ca4d1992e25e34b29b9bd92b0ad96746cd26895420de5e753485470bfd7e045f
4,random_task_blocks,0.5,0.00980392156862745,816,816,1.0,51,robust_unique,REALMLP (tuned + ensemble),f99879d2d81f9f2dd0bfb262154e99e8b7f187c716d6550c0b6e8ae9c6805bac
4,random_task_blocks,1.0,0.0196078431372549,816,816,1.0,51,robust_unique,REALMLP (tuned + ensemble),f99879d2d81f9f2dd0bfb262154e99e8b7f187c716d6550c0b6e8ae9c6805bac
4,random_task_blocks,2.0,0.0392156862745098,816,816,1.0,51,preference_dependence,,f99879d2d81f9f2dd0bfb262154e99e8b7f187c716d6550c0b6e8ae9c6805bac
4,random_task_blocks,4.0,0.0784313725490196,687,816,0.8419117647058824,46,preference_dependence,,5747228734a1d146548753c20c771c06372657aafbd2da8c28c5e7324e7bf1db
4,cheapest_remaining,0.0,0.0,786,816,0.9632352941176471,50,robust_unique,REALMLP (tuned + ensemble),a44665d2906f2f5e5f142c591a3158aa66504f35b36aceef659139d5f5d7cb86
4,cheapest_remaining,0.5,0.00980392156862745,816,816,1.0,51,robust_unique,REALMLP (tuned + ensemble),fa6572a244203865b26015686b8caf46a88407aa5541f01b087305b4ada51a66
4,cheapest_remaining,1.0,0.0196078431372549,816,816,1.0,51,robust_unique,REALMLP (tuned + ensemble),fa6572a244203865b26015686b8caf46a88407aa5541f01b087305b4ada51a66
4,cheapest_remaining,2.0,0.0392156862745098,816,816,1.0,51,preference_dependence,,fa6572a244203865b26015686b8caf46a88407aa5541f01b087305b4ada51a66
4,cheapest_remaining,4.0,0.0784313725490196,696,816,0.8529411764705882,47,preference_dependence,,eb6287f15f242c3c7af70d18ebb5634e620ee352f96705cac27797e07a9d0a86
4,decision_gap,0.0,0.0,786,816,0.9632352941176471,50,robust_unique,REALMLP (tuned + ensemble),a44665d2906f2f5e5f142c591a3158aa66504f35b36aceef659139d5f5d7cb86
4,decision_gap,0.5,0.00980392156862745,816,816,1.0,51,robust_unique,REALMLP (tuned + ensemble),fa6572a244203865b26015686b8caf46a88407aa5541f01b087305b4ada51a66
4,decision_gap,1.0,0.0196078431372549,816,816,1.0,51,robust_unique,REALMLP (tuned + ensemble),fa6572a244203865b26015686b8caf46a88407aa5541f01b087305b4ada51a66
4,decision_gap,2.0,0.0392156862745098,816,816,1.0,51,preference_dependence,,fa6572a244203865b26015686b8caf46a88407aa5541f01b087305b4ada51a66
4,decision_gap,4.0,0.0784313725490196,696,816,0.8529411764705882,47,preference_dependence,,eb6287f15f242c3c7af70d18ebb5634e620ee352f96705cac27797e07a9d0a86
5,random_fold,0.0,0.0,814,816,0.9975490196078431,49,robust_unique,REALMLP (tuned + ensemble),fff584e1710024c29aecd4fc81252d1307759870ab6c7f573b3b2f844f6c5479
5,random_fold,0.5,0.00980392156862745,815,816,0.9987745098039216,50,robust_unique,REALMLP (tuned + ensemble),d0dcb6ff3f2862329386e0ceb6b8f1fed04e35a7e3cb6a25b3c0f330aa3433bc
5,random_fold,1.0,0.0196078431372549,816,816,1.0,51,robust_unique,REALMLP (tuned + ensemble),120bf32e5baa576b18f6cdd50ecdcb4c596139687400dcb42ecc0399044bbae9
5,random_fold,2.0,0.0392156862745098,816,816,1.0,51,preference_dependence,,120bf32e5baa576b18f6cdd50ecdcb4c596139687400dcb42ecc0399044bbae9
5,random_fold,4.0,0.0784313725490196,811,816,0.9938725490196079,46,preference_dependence,,187c768d1d8973b5ec025979462fe61b160b169aef8fb1ae70e94f1f07e1f341
5,random_task_blocks,0.0,0.0,777,816,0.9522058823529411,49,robust_unique,REALMLP (tuned + ensemble),e5c4386473417e3e5fb071957f29424773cb8e0cf0cfa9bcae579dcf7963a827
5,random_task_blocks,0.5,0.00980392156862745,807,816,0.9889705882352942,50,robust_unique,REALMLP (tuned + ensemble),3ba8739ca489596bfdbc2cc4c83a0edb453cb951cea9fe1eacfaf2d7f2de18b6
5,random_task_blocks,1.0,0.0196078431372549,816,816,1.0,51,robust_unique,REALMLP (tuned + ensemble),76b6403eb1fea2adc6941971f12d1f40c1f7a598863db9fa4f5ea0ace8caf4aa
5,random_task_blocks,2.0,0.0392156862745098,816,816,1.0,51,preference_dependence,,76b6403eb1fea2adc6941971f12d1f40c1f7a598863db9fa4f5ea0ace8caf4aa
5,random_task_blocks,4.0,0.0784313725490196,747,816,0.9154411764705882,48,preference_dependence,,da9b322f0aee5eaf60eb223c9a867609b6dd55110c5a39373baac833ada5b28c
5,cheapest_remaining,0.0,0.0,756,816,0.9264705882352942,49,robust_unique,REALMLP (tuned + ensemble),6ded5c5f0b49e27d94c7576f9d50d27c0796c82498d8cea23bf23e9e43fb108e
5,cheapest_remaining,0.5,0.00980392156862745,786,816,0.9632352941176471,50,robust_unique,REALMLP (tuned + ensemble),f211a54e8566e4243327812b962056be5dddeb3952cd82cf9296e3f4a774121b
5,cheapest_remaining,1.0,0.0196078431372549,816,816,1.0,51,robust_unique,REALMLP (tuned + ensemble),ceb7e9d4ab90e70093a0ae82d8f987c5006e2ca39823f294e04f543dd1a9b305
5,cheapest_remaining,2.0,0.0392156862745098,816,816,1.0,51,preference_dependence,,ceb7e9d4ab90e70093a0ae82d8f987c5006e2ca39823f294e04f543dd1a9b305
5,cheapest_remaining,4.0,0.0784313725490196,726,816,0.8897058823529411,48,preference_dependence,,547608d6b3ee7fdcb89cb05941e0f1089c6bf317f41c3de578363f78b5f3c7d7
5,decision_gap,0.0,0.0,756,816,0.9264705882352942,49,robust_unique,REALMLP (tuned + ensemble),6ded5c5f0b49e27d94c7576f9d50d27c0796c82498d8cea23bf23e9e43fb108e
5,decision_gap,0.5,0.00980392156862745,786,816,0.9632352941176471,50,robust_unique,REALMLP (tuned + ensemble),f211a54e8566e4243327812b962056be5dddeb3952cd82cf9296e3f4a774121b
5,decision_gap,1.0,0.0196078431372549,816,816,1.0,51,robust_unique,REALMLP (tuned + ensemble),ceb7e9d4ab90e70093a0ae82d8f987c5006e2ca39823f294e04f543dd1a9b305
5,decision_gap,2.0,0.0392156862745098,816,816,1.0,51,preference_dependence,,ceb7e9d4ab90e70093a0ae82d8f987c5006e2ca39823f294e04f543dd1a9b305
5,decision_gap,4.0,0.0784313725490196,726,816,0.8897058823529411,48,preference_dependence,,547608d6b3ee7fdcb89cb05941e0f1089c6bf317f41c3de578363f78b5f3c7d7
6,random_fold,0.0,0.0,815,816,0.9987745098039216,50,robust_unique,REALMLP (tuned + ensemble),6d8ff5f6bc4d596f0badeda68610d89cee0fe7fe0230809ab1e3f1ad00451229
6,random_fold,0.5,0.00980392156862745,816,816,1.0,51,robust_unique,REALMLP (tuned + ensemble),8daeed69f9054c04da3db2d35428e587f311f84377e714dc1769856d400f1209
6,random_fold,1.0,0.0196078431372549,816,816,1.0,51,robust_unique,REALMLP (tuned + ensemble),8daeed69f9054c04da3db2d35428e587f311f84377e714dc1769856d400f1209
6,random_fold,2.0,0.0392156862745098,816,816,1.0,51,preference_dependence,,8daeed69f9054c04da3db2d35428e587f311f84377e714dc1769856d400f1209
6,random_fold,4.0,0.0784313725490196,811,816,0.9938725490196079,46,preference_dependence,,6e0530a0f101f2d88d31542707f2829d944d75e764894f793cc9a6897da7b307
6,random_task_blocks,0.0,0.0,807,816,0.9889705882352942,50,robust_unique,REALMLP (tuned + ensemble),f5146fed0bf67a7924eacfaa99816c7cdb7e1b42d99dcf4e39f8fb7e51c4e2dd
6,random_task_blocks,0.5,0.00980392156862745,807,816,0.9889705882352942,50,robust_unique,REALMLP (tuned + ensemble),f5146fed0bf67a7924eacfaa99816c7cdb7e1b42d99dcf4e39f8fb7e51c4e2dd
6,random_task_blocks,1.0,0.0196078431372549,816,816,1.0,51,robust_unique,REALMLP (tuned + ensemble),ea0db0df3a136cf0b25c7e590c3ac8494661fb0f6575d809282bb8b8562478b2
6,random_task_blocks,2.0,0.0392156862745098,816,816,1.0,51,preference_dependence,,ea0db0df3a136cf0b25c7e590c3ac8494661fb0f6575d809282bb8b8562478b2
6,random_task_blocks,4.0,0.0784313725490196,759,816,0.9301470588235294,47,preference_dependence,,20483c3d8f379709a3de4e499f73e9f8951871e8b7fcae8ff1a1cdac5138bd60
6,cheapest_remaining,0.0,0.0,756,816,0.9264705882352942,49,robust_unique,REALMLP (tuned + ensemble),b741e7908c922059f323ba962e080e17c9fbd217314ab5a8df4f5b399e7a0616
6,cheapest_remaining,0.5,0.00980392156862745,816,816,1.0,51,robust_unique,REALMLP (tuned + ensemble),bdf316a68897c41ba8c2ff6818fc121d2c8bc6351fba47a8d4ab0174aeb033fe
6,cheapest_remaining,1.0,0.0196078431372549,816,816,1.0,51,robust_unique,REALMLP (tuned + ensemble),bdf316a68897c41ba8c2ff6818fc121d2c8bc6351fba47a8d4ab0174aeb033fe
6,cheapest_remaining,2.0,0.0392156862745098,786,816,0.9632352941176471,50,preference_dependence,,3fdce830267fd6f8f160afbb06f635d5453a874702efdeeec82cd3e93724ecfd
6,cheapest_remaining,4.0,0.0784313725490196,696,816,0.8529411764705882,47,preference_dependence,,6f3d7ee30ff32e894db711f083e00ab9aec004c8ab9fd7bcb9f869da8119c42f
6,decision_gap,0.0,0.0,756,816,0.9264705882352942,49,robust_unique,REALMLP (tuned + ensemble),b741e7908c922059f323ba962e080e17c9fbd217314ab5a8df4f5b399e7a0616
6,decision_gap,0.5,0.00980392156862745,816,816,1.0,51,robust_unique,REALMLP (tuned + ensemble),bdf316a68897c41ba8c2ff6818fc121d2c8bc6351fba47a8d4ab0174aeb033fe
6,decision_gap,1.0,0.0196078431372549,816,816,1.0,51,robust_unique,REALMLP (tuned + ensemble),bdf316a68897c41ba8c2ff6818fc121d2c8bc6351fba47a8d4ab0174aeb033fe
6,decision_gap,2.0,0.0392156862745098,786,816,0.9632352941176471,50,preference_dependence,,3fdce830267fd6f8f160afbb06f635d5453a874702efdeeec82cd3e93724ecfd
6,decision_gap,4.0,0.0784313725490196,696,816,0.8529411764705882,47,preference_dependence,,6f3d7ee30ff32e894db711f083e00ab9aec004c8ab9fd7bcb9f869da8119c42f
7,random_fold,0.0,0.0,815,816,0.9987745098039216,50,robust_unique,REALMLP (tuned + ensemble),850779994174fdce2fb5bb8290444d48f05a65952c877f7e692d60bb672aa5be
7,random_fold,0.5,0.00980392156862745,816,816,1.0,51,robust_unique,REALMLP (tuned + ensemble),69ba6b9740a87429d80d2100cccccdc90faf935ccf9ee6e6fb2df4a86cce146c
7,random_fold,1.0,0.0196078431372549,816,816,1.0,51,robust_unique,REALMLP (tuned + ensemble),69ba6b9740a87429d80d2100cccccdc90faf935ccf9ee6e6fb2df4a86cce146c
7,random_fold,2.0,0.0392156862745098,816,816,1.0,51,preference_dependence,,69ba6b9740a87429d80d2100cccccdc90faf935ccf9ee6e6fb2df4a86cce146c
7,random_fold,4.0,0.0784313725490196,808,816,0.9901960784313726,46,preference_dependence,,a5ad3376533b3c7d008375d42dea66e2f55b0265356878f63838fa3c2dd99894
7,random_task_blocks,0.0,0.0,756,816,0.9264705882352942,49,robust_unique,REALMLP (tuned + ensemble),6e415f0a0862a98ffc31ae31d519bedb7636bf8836ff90118249796b3d28ec32
7,random_task_blocks,0.5,0.00980392156862745,786,816,0.9632352941176471,50,robust_unique,REALMLP (tuned + ensemble),9470e05a4882d8b15967a661ba5633a584ca206b5e31c958ddaad72d9b783d2e
7,random_task_blocks,1.0,0.0196078431372549,816,816,1.0,51,robust_unique,REALMLP (tuned + ensemble),e768ac0b41fa4ff2fa43bb593031e74b6471a8c251808b6bb19e2eb20dda1c19
7,random_task_blocks,2.0,0.0392156862745098,816,816,1.0,51,preference_dependence,,e768ac0b41fa4ff2fa43bb593031e74b6471a8c251808b6bb19e2eb20dda1c19
7,random_task_blocks,4.0,0.0784313725490196,738,816,0.9044117647058824,47,preference_dependence,,6c6b23823814dd80f29f3a842b6739b75d9c01fe8cd6c7dd4ff20d0dd77dabc7
7,cheapest_remaining,0.0,0.0,756,816,0.9264705882352942,49,robust_unique,REALMLP (tuned + ensemble),43e8456dcfe252f59a2b27b51591d51f3c78ec97b68f5fa04415210aad90a80e
7,cheapest_remaining,0.5,0.00980392156862745,786,816,0.9632352941176471,50,robust_unique,REALMLP (tuned + ensemble),f4dd9d01327d1989b940172e46f8ed65dfe525641fe54fd346bff9b76294ea05
7,cheapest_remaining,1.0,0.0196078431372549,816,816,1.0,51,robust_unique,REALMLP (tuned + ensemble),b71a0a24781e51e0eeb95a75d2d37544c302a96a65bd1ca69ec312e678206b2e
7,cheapest_remaining,2.0,0.0392156862745098,816,816,1.0,51,preference_dependence,,b71a0a24781e51e0eeb95a75d2d37544c302a96a65bd1ca69ec312e678206b2e
7,cheapest_remaining,4.0,0.0784313725490196,696,816,0.8529411764705882,47,preference_dependence,,dea47ecc94626388baa8c171e61114c2bfda562cf4820516a2f3ce1e05d92c02
7,decision_gap,0.0,0.0,756,816,0.9264705882352942,49,robust_unique,REALMLP (tuned + ensemble),43e8456dcfe252f59a2b27b51591d51f3c78ec97b68f5fa04415210aad90a80e
7,decision_gap,0.5,0.00980392156862745,786,816,0.9632352941176471,50,robust_unique,REALMLP (tuned + ensemble),f4dd9d01327d1989b940172e46f8ed65dfe525641fe54fd346bff9b76294ea05
7,decision_gap,1.0,0.0196078431372549,816,816,1.0,51,robust_unique,REALMLP (tuned + ensemble),b71a0a24781e51e0eeb95a75d2d37544c302a96a65bd1ca69ec312e678206b2e
7,decision_gap,2.0,0.0392156862745098,816,816,1.0,51,preference_dependence,,b71a0a24781e51e0eeb95a75d2d37544c302a96a65bd1ca69ec312e678206b2e
7,decision_gap,4.0,0.0784313725490196,696,816,0.8529411764705882,47,preference_dependence,,dea47ecc94626388baa8c171e61114c2bfda562cf4820516a2f3ce1e05d92c02
8,random_fold,0.0,0.0,815,816,0.9987745098039216,50,robust_unique,REALMLP (tuned + ensemble),ab9cc28245327d76b6841b8ccd2c913da7f23ff0f56bdd732717ce73d156cadb
8,random_fold,0.5,0.00980392156862745,815,816,0.9987745098039216,50,robust_unique,REALMLP (tuned + ensemble),ab9cc28245327d76b6841b8ccd2c913da7f23ff0f56bdd732717ce73d156cadb
8,random_fold,1.0,0.0196078431372549,816,816,1.0,51,robust_unique,REALMLP (tuned + ensemble),7e8273b0e8aa453ab8d5288c636a34e22e7d41c197b9c12c04f3bc08ab4a5072
8,random_fold,2.0,0.0392156862745098,816,816,1.0,51,preference_dependence,,7e8273b0e8aa453ab8d5288c636a34e22e7d41c197b9c12c04f3bc08ab4a5072
8,random_fold,4.0,0.0784313725490196,812,816,0.9950980392156863,47,preference_dependence,,8b0b845fc8dffaec46427a2b8dc0bfd2e7781b3ccec40dfb1fe4a3d8c7bf3a8f
8,random_task_blocks,0.0,0.0,807,816,0.9889705882352942,50,robust_unique,REALMLP (tuned + ensemble),ca861b1fbf970f38132e3d6713df21dc7f5785bc936dd451d969a9a02111ae47
8,random_task_blocks,0.5,0.00980392156862745,807,816,0.9889705882352942,50,robust_unique,REALMLP (tuned + ensemble),ca861b1fbf970f38132e3d6713df21dc7f5785bc936dd451d969a9a02111ae47
8,random_task_blocks,1.0,0.0196078431372549,816,816,1.0,51,robust_unique,REALMLP (tuned + ensemble),de5689c22de1a678a2a085b6c06b8a716d3e2ee4e3537fde001da9ce90cfbcf8
8,random_task_blocks,2.0,0.0392156862745098,816,816,1.0,51,preference_dependence,,de5689c22de1a678a2a085b6c06b8a716d3e2ee4e3537fde001da9ce90cfbcf8
8,random_task_blocks,4.0,0.0784313725490196,729,816,0.8933823529411765,46,preference_dependence,,1a54a3e031e7366b2804b13357994ce5c4cd407f6fe41c51a53b58231e7e04c2
8,cheapest_remaining,0.0,0.0,786,816,0.9632352941176471,50,robust_unique,REALMLP (tuned + ensemble),512e420cb7fb7614576d19f894317072f17c5323c9dae0309ec2f5ce7159ba55
8,cheapest_remaining,0.5,0.00980392156862745,786,816,0.9632352941176471,50,robust_unique,REALMLP (tuned + ensemble),512e420cb7fb7614576d19f894317072f17c5323c9dae0309ec2f5ce7159ba55
8,cheapest_remaining,1.0,0.0196078431372549,816,816,1.0,51,robust_unique,REALMLP (tuned + ensemble),7849c0675a685a4035ae0af9eca37858d21e2e26cb53a9759fa29d13684044d9
8,cheapest_remaining,2.0,0.0392156862745098,816,816,1.0,51,preference_dependence,,7849c0675a685a4035ae0af9eca37858d21e2e26cb53a9759fa29d13684044d9
8,cheapest_remaining,4.0,0.0784313725490196,696,816,0.8529411764705882,47,preference_dependence,,0e23ef8da83fc1c89afdddaf87ea7ac29b5e0d3531fd889f5dca2f95ccc87ee5
8,decision_gap,0.0,0.0,786,816,0.9632352941176471,50,robust_unique,REALMLP (tuned + ensemble),512e420cb7fb7614576d19f894317072f17c5323c9dae0309ec2f5ce7159ba55
8,decision_gap,0.5,0.00980392156862745,786,816,0.9632352941176471,50,robust_unique,REALMLP (tuned + ensemble),512e420cb7fb7614576d19f894317072f17c5323c9dae0309ec2f5ce7159ba55
8,decision_gap,1.0,0.0196078431372549,816,816,1.0,51,robust_unique,REALMLP (tuned + ensemble),7849c0675a685a4035ae0af9eca37858d21e2e26cb53a9759fa29d13684044d9
8,decision_gap,2.0,0.0392156862745098,816,816,1.0,51,preference_dependence,,7849c0675a685a4035ae0af9eca37858d21e2e26cb53a9759fa29d13684044d9
8,decision_gap,4.0,0.0784313725490196,696,816,0.8529411764705882,47,preference_dependence,,0e23ef8da83fc1c89afdddaf87ea7ac29b5e0d3531fd889f5dca2f95ccc87ee5
9,random_fold,0.0,0.0,815,816,0.9987745098039216,50,robust_unique,REALMLP (tuned + ensemble),c2df18fba491531298f0471db587cbf283d607d04cfd16c5fbca5d7c9c5607ce
9,random_fold,0.5,0.00980392156862745,816,816,1.0,51,robust_unique,REALMLP (tuned + ensemble),13eb7ee8b785516e3eb95b379b6b9a9f78c5e6cdb2e4504dad671191abd5d3b3
9,random_fold,1.0,0.0196078431372549,816,816,1.0,51,robust_unique,REALMLP (tuned + ensemble),13eb7ee8b785516e3eb95b379b6b9a9f78c5e6cdb2e4504dad671191abd5d3b3
9,random_fold,2.0,0.0392156862745098,815,816,0.9987745098039216,50,preference_dependence,,c2df18fba491531298f0471db587cbf283d607d04cfd16c5fbca5d7c9c5607ce
9,random_fold,4.0,0.0784313725490196,812,816,0.9950980392156863,47,preference_dependence,,72834bc10764c7d018d638cf05e0543df74759f6aaff1480f5b83f4e77b23494
9,random_task_blocks,0.0,0.0,807,816,0.9889705882352942,50,robust_unique,REALMLP (tuned + ensemble),75bbd6ed10ed1d739510a7ad4938164b632970e332de5bea8c2371f2b9f3787b
9,random_task_blocks,0.5,0.00980392156862745,807,816,0.9889705882352942,50,robust_unique,REALMLP (tuned + ensemble),75bbd6ed10ed1d739510a7ad4938164b632970e332de5bea8c2371f2b9f3787b
9,random_task_blocks,1.0,0.0196078431372549,816,816,1.0,51,robust_unique,REALMLP (tuned + ensemble),f42098c2a8a702d8c0aae368be9de8b11bb40bd5713e093599d1f54222a3b02e
9,random_task_blocks,2.0,0.0392156862745098,816,816,1.0,51,preference_dependence,,f42098c2a8a702d8c0aae368be9de8b11bb40bd5713e093599d1f54222a3b02e
9,random_task_blocks,4.0,0.0784313725490196,738,816,0.9044117647058824,47,preference_dependence,,341d4178a911fd800fa9ce1ec39d685bc832524578602f50aa8e26423756b5ed
9,cheapest_remaining,0.0,0.0,781,816,0.9571078431372549,49,robust_unique,REALMLP (tuned + ensemble),7025504140e2dfcc1270b557fe656089d9292a45920f25b9ee39e05a2f0f39dc
9,cheapest_remaining,0.5,0.00980392156862745,816,816,1.0,51,robust_unique,REALMLP (tuned + ensemble),c021775a0c0a2f26973108adc716a88d976d28dafb3db4b04af4ee6ed1985cdc
9,cheapest_remaining,1.0,0.0196078431372549,816,816,1.0,51,robust_unique,REALMLP (tuned + ensemble),c021775a0c0a2f26973108adc716a88d976d28dafb3db4b04af4ee6ed1985cdc
9,cheapest_remaining,2.0,0.0392156862745098,786,816,0.9632352941176471,50,preference_dependence,,22eb5bff1031a74de4d7b2df9f74f3b3d78da22b93d51a7df729f4bb825d4158
9,cheapest_remaining,4.0,0.0784313725490196,696,816,0.8529411764705882,47,preference_dependence,,fc33300d8c594572b83319074ad0aff5fb5f3f58ed31d27585c82fed8c4e069b
9,decision_gap,0.0,0.0,781,816,0.9571078431372549,49,robust_unique,REALMLP (tuned + ensemble),7025504140e2dfcc1270b557fe656089d9292a45920f25b9ee39e05a2f0f39dc
9,decision_gap,0.5,0.00980392156862745,816,816,1.0,51,robust_unique,REALMLP (tuned + ensemble),c021775a0c0a2f26973108adc716a88d976d28dafb3db4b04af4ee6ed1985cdc
9,decision_gap,1.0,0.0196078431372549,816,816,1.0,51,robust_unique,REALMLP (tuned + ensemble),c021775a0c0a2f26973108adc716a88d976d28dafb3db4b04af4ee6ed1985cdc
9,decision_gap,2.0,0.0392156862745098,786,816,0.9632352941176471,50,preference_dependence,,22eb5bff1031a74de4d7b2df9f74f3b3d78da22b93d51a7df729f4bb825d4158
9,decision_gap,4.0,0.0784313725490196,696,816,0.8529411764705882,47,preference_dependence,,fc33300d8c594572b83319074ad0aff5fb5f3f58ed31d27585c82fed8c4e069b