policy,units,seed,Q,q,status,display_candidate,conditional_fixed_trace_Q_lower_upper_match,upper_match_requires_mean_enclosure,upper_match_requires_defined_finite_target,trace_sha256,prefix_sha256
random_fold,2,0,816,815,SUCCESS,8,True,True,True,6bb5da8a31baee6d9a73d681621d6313b2f75647a486295a2fcd59c7d06f2600,7b3ff5e3c6c0598f40727a341fd0769aec5bc05f3cfe017894e500f65a8f4ffc
random_task_blocks,2,0,816,815,SUCCESS,8,True,True,True,a1ed04afbd349ba4c8802eeee77714a41ff5e20b16ae5ee6dd3876e196182232,d0c62e75012978e5f0dbd6985f5c0d37bf348bf94aeee8958e19b610d92e7896
random_task_blocks,4,0,768,767,SUCCESS,8,True,True,True,2d1a62dcd637abad04db54256c54bb547a4d918eb8a66f535015f1991fde025d,9b6a971dbe7b40345a1b7677d5506e4c637dd74ab067055d48224b705204158c
cheapest_remaining,2,0,786,785,SUCCESS,8,True,True,True,710bc873936e9e2f4903783f5dad001d1b32d291fa97763540963495781580fb,807d3091c490f7e7f6ec43d1a9b04bd736aa8102b0cdebb5a3878ef6d5818309
decision_gap,2,0,786,785,SUCCESS,8,True,True,True,710bc873936e9e2f4903783f5dad001d1b32d291fa97763540963495781580fb,807d3091c490f7e7f6ec43d1a9b04bd736aa8102b0cdebb5a3878ef6d5818309
random_fold,2,1,816,815,SUCCESS,8,True,True,True,9284970d01203a88eb3f835dc59ec437aab05331d46949c93a7678adf1f2569c,b5ba8e0a549cfb0483ca137c2c589d6072eeb8bd49876fd5d23ff0298294c039
random_task_blocks,2,1,816,815,SUCCESS,8,True,True,True,56318726c675c5697ed13292a403e9538d286a4709ee170e1ec00e4105264011,099ef69667ef316a631d7be4535a61b09fb3977ccafc40ea00782049ce3613e4
random_task_blocks,4,1,726,725,SUCCESS,8,True,True,True,a8486e7e832dd17b368cd6aed8c637587cc04ffbf689062f88eb9dd6515b7051,a4ce8e6f8f010ed8a022d69841056995c255636e1e0d27a228c2cf9495c3eaca
cheapest_remaining,2,1,816,815,SUCCESS,8,True,True,True,c75aa7e3acddc3130fc92f60837a619d25690887b9b9bf8b20bab3e3caa26e11,f62c8fa66731fb9e1dc7828cca17f9a67d9874d0bb20172ec5e3c95b9ce500a0
cheapest_remaining,4,1,726,725,SUCCESS,8,True,True,True,be6a3be9282cdf85a63b953ae859c858b1e5495df4e9de9a437abbdd3a4e8482,66495488e403f3fd185048f505c87eeda1f648746c12162c49caf2c995c9060a
decision_gap,2,1,816,815,SUCCESS,8,True,True,True,c75aa7e3acddc3130fc92f60837a619d25690887b9b9bf8b20bab3e3caa26e11,f62c8fa66731fb9e1dc7828cca17f9a67d9874d0bb20172ec5e3c95b9ce500a0
decision_gap,4,1,726,725,SUCCESS,8,True,True,True,be6a3be9282cdf85a63b953ae859c858b1e5495df4e9de9a437abbdd3a4e8482,66495488e403f3fd185048f505c87eeda1f648746c12162c49caf2c995c9060a
random_fold,2,2,816,815,SUCCESS,8,True,True,True,e8d76303a9dd04e3431fd0b831df0f00c9c4c3c1b79cd84d8605837aa75e13ea,6b52387551f090b154b64c678784ff349b52938b6119bf77fb854985ab4d0024
random_task_blocks,2,2,816,815,SUCCESS,8,True,True,True,0d07ac909c3ca72a873a5493d3be974d8a643c34aa4a569c224a3546e577ba93,aa6d240d7c4bf2f4d30485ee721b8d063dab22f1dc7dd8418c3f2b34f321e13c
cheapest_remaining,2,2,816,815,SUCCESS,8,True,True,True,8ae86ffe5937f93ca60b6270b09304144d4518909b971a43b88ecfcfc90aabc4,41e71c5744243f8636c1fdcddae50b72eddfb87dd207bd14c34d01f7f943d3df
decision_gap,2,2,816,815,SUCCESS,8,True,True,True,8ae86ffe5937f93ca60b6270b09304144d4518909b971a43b88ecfcfc90aabc4,41e71c5744243f8636c1fdcddae50b72eddfb87dd207bd14c34d01f7f943d3df
random_fold,2,3,816,815,SUCCESS,8,True,True,True,f22ca4781743a38e674bf00eb920784f54e7441e309b66aa9a9df8203cd8102b,21c92c84d73d888c0be4a51dbb05046f7e970d75f8be51d1ae42373544e087df
random_task_blocks,2,3,816,815,SUCCESS,8,True,True,True,18aecd5e453952c9bd31fddc63ec39aa44f5f1915afdde90c7890163e19c636b,e322112296c2a886fab4127d3489c1bf3a918491b2f87befd301179d8abfe5fe
cheapest_remaining,2,3,816,815,SUCCESS,8,True,True,True,ebb72c51111478925d8c4e486118382226bc7819700962409293fa7f85dd40c8,329fa0b943833c391f7dc67a6e24e1323cda322305e9db5c492cdba039d7f33d
decision_gap,2,3,816,815,SUCCESS,8,True,True,True,ebb72c51111478925d8c4e486118382226bc7819700962409293fa7f85dd40c8,329fa0b943833c391f7dc67a6e24e1323cda322305e9db5c492cdba039d7f33d
random_fold,2,4,815,814,SUCCESS,8,True,True,True,22a1e8de6f91a2dcb939d885fb9170a892742f05f0ad1082824e296b042e394f,3a1ae6b98c7d9fa3c2f7c3515bf8c2ae7396eb33e35792d9eb99ccde83368d83
random_task_blocks,2,4,816,815,SUCCESS,8,True,True,True,f99879d2d81f9f2dd0bfb262154e99e8b7f187c716d6550c0b6e8ae9c6805bac,ee46f247a73b36af26ea6bf2ec77fb9a23a768fd3f838525f90e3ff705864312
cheapest_remaining,2,4,816,815,SUCCESS,8,True,True,True,fa6572a244203865b26015686b8caf46a88407aa5541f01b087305b4ada51a66,4dc4a35f1074aee23c9fa2e6a9bd5463ea97ee519b39642acae043d077144e0a
decision_gap,2,4,816,815,SUCCESS,8,True,True,True,fa6572a244203865b26015686b8caf46a88407aa5541f01b087305b4ada51a66,4dc4a35f1074aee23c9fa2e6a9bd5463ea97ee519b39642acae043d077144e0a
random_fold,2,5,816,815,SUCCESS,8,True,True,True,120bf32e5baa576b18f6cdd50ecdcb4c596139687400dcb42ecc0399044bbae9,d0dcb6ff3f2862329386e0ceb6b8f1fed04e35a7e3cb6a25b3c0f330aa3433bc
random_task_blocks,2,5,816,815,SUCCESS,8,True,True,True,76b6403eb1fea2adc6941971f12d1f40c1f7a598863db9fa4f5ea0ace8caf4aa,565e1ce3f6eafacff2183cfb87015e7a7cc0848380ac2e71c3276e5c62d43928
random_task_blocks,4,5,747,746,SUCCESS,8,True,True,True,da9b322f0aee5eaf60eb223c9a867609b6dd55110c5a39373baac833ada5b28c,948ba88b5c9d5a701999b0724405be165bd5beb56cd5f7c570f89e819e5fbe22
cheapest_remaining,2,5,816,815,SUCCESS,8,True,True,True,ceb7e9d4ab90e70093a0ae82d8f987c5006e2ca39823f294e04f543dd1a9b305,65928ee0ee05e6bc979b70d9b77a099518e03587692645802ebc47346db54daa
cheapest_remaining,4,5,726,725,SUCCESS,8,True,True,True,547608d6b3ee7fdcb89cb05941e0f1089c6bf317f41c3de578363f78b5f3c7d7,38fcee4895bd0b7ecdb41106d833ccd738d82622ed1f88539d20fe6c15425185
decision_gap,2,5,816,815,SUCCESS,8,True,True,True,ceb7e9d4ab90e70093a0ae82d8f987c5006e2ca39823f294e04f543dd1a9b305,65928ee0ee05e6bc979b70d9b77a099518e03587692645802ebc47346db54daa
decision_gap,4,5,726,725,SUCCESS,8,True,True,True,547608d6b3ee7fdcb89cb05941e0f1089c6bf317f41c3de578363f78b5f3c7d7,38fcee4895bd0b7ecdb41106d833ccd738d82622ed1f88539d20fe6c15425185
random_fold,2,6,816,815,SUCCESS,8,True,True,True,8daeed69f9054c04da3db2d35428e587f311f84377e714dc1769856d400f1209,6d8ff5f6bc4d596f0badeda68610d89cee0fe7fe0230809ab1e3f1ad00451229
random_task_blocks,2,6,816,815,SUCCESS,8,True,True,True,ea0db0df3a136cf0b25c7e590c3ac8494661fb0f6575d809282bb8b8562478b2,5f086fe3029b3987e64ec2262435b9a3194e131ea1e3ac84fda9b562a03806af
cheapest_remaining,2,6,786,785,SUCCESS,8,True,True,True,3fdce830267fd6f8f160afbb06f635d5453a874702efdeeec82cd3e93724ecfd,3aeaddf04f03516865e447bccc468299d6aa9bbbcf3c13cd7717a4cc62299204
decision_gap,2,6,786,785,SUCCESS,8,True,True,True,3fdce830267fd6f8f160afbb06f635d5453a874702efdeeec82cd3e93724ecfd,3aeaddf04f03516865e447bccc468299d6aa9bbbcf3c13cd7717a4cc62299204
random_fold,2,7,816,815,SUCCESS,8,True,True,True,69ba6b9740a87429d80d2100cccccdc90faf935ccf9ee6e6fb2df4a86cce146c,850779994174fdce2fb5bb8290444d48f05a65952c877f7e692d60bb672aa5be
random_task_blocks,2,7,816,815,SUCCESS,8,True,True,True,e768ac0b41fa4ff2fa43bb593031e74b6471a8c251808b6bb19e2eb20dda1c19,4f66b0775eaf336e121d6c31fbd6ae9f036a1a523461fe8f2294d1001d41f66b
cheapest_remaining,2,7,816,815,SUCCESS,8,True,True,True,b71a0a24781e51e0eeb95a75d2d37544c302a96a65bd1ca69ec312e678206b2e,fbefefd28ccea657b38baef72b42869a78f9a15270246b5f5d25be79c876a97e
decision_gap,2,7,816,815,SUCCESS,8,True,True,True,b71a0a24781e51e0eeb95a75d2d37544c302a96a65bd1ca69ec312e678206b2e,fbefefd28ccea657b38baef72b42869a78f9a15270246b5f5d25be79c876a97e
random_fold,2,8,816,815,SUCCESS,8,True,True,True,7e8273b0e8aa453ab8d5288c636a34e22e7d41c197b9c12c04f3bc08ab4a5072,ab9cc28245327d76b6841b8ccd2c913da7f23ff0f56bdd732717ce73d156cadb
random_fold,4,8,812,811,SUCCESS,8,True,True,True,8b0b845fc8dffaec46427a2b8dc0bfd2e7781b3ccec40dfb1fe4a3d8c7bf3a8f,b3aa73a2199445e201a010feec7c695553dbe45c3f97de7fa7c7624ae9133581
random_task_blocks,2,8,816,815,SUCCESS,8,True,True,True,de5689c22de1a678a2a085b6c06b8a716d3e2ee4e3537fde001da9ce90cfbcf8,4c4ed97d0d062b7c4250714ec9a816da30df47fda4efaac6aed1eb7e6c1d9ebe
cheapest_remaining,2,8,816,815,SUCCESS,8,True,True,True,7849c0675a685a4035ae0af9eca37858d21e2e26cb53a9759fa29d13684044d9,625479f39142ff285c8b63191d3ef0ad1eccd4b62b0ed8659e8c622889bb7f3d
decision_gap,2,8,816,815,SUCCESS,8,True,True,True,7849c0675a685a4035ae0af9eca37858d21e2e26cb53a9759fa29d13684044d9,625479f39142ff285c8b63191d3ef0ad1eccd4b62b0ed8659e8c622889bb7f3d
random_fold,2,9,815,814,SUCCESS,8,True,True,True,c2df18fba491531298f0471db587cbf283d607d04cfd16c5fbca5d7c9c5607ce,7246448274dc31b9590b06bf7716d6202ffdee468609abfdca218263662de64f
cheapest_remaining,2,9,786,785,SUCCESS,8,True,True,True,22eb5bff1031a74de4d7b2df9f74f3b3d78da22b93d51a7df729f4bb825d4158,9bc390c63d88c441c7986ed4ba5d013c63a6ea795270b68769bd4fb7c0d21389
decision_gap,2,9,786,785,SUCCESS,8,True,True,True,22eb5bff1031a74de4d7b2df9f74f3b3d78da22b93d51a7df729f4bb825d4158,9bc390c63d88c441c7986ed4ba5d013c63a6ea795270b68769bd4fb7c0d21389
